id,name,surname
1,Rees,Cavnor
2,Christiana,Fenich
3,Dulcinea,Feldberger
4,Lammond,Oulett
5,Nyssa,Hedge
6,Joni,Pressdee
7,Luke,Molder
8,Catharine,Stiant
9,Wakefield,Bratt
10,Raddie,Plaster
11,Lenci,Blagburn
12,Franz,De Lisle
13,Inesita,Filipowicz
14,Traver,Taborre
15,Reinald,Abate
16,Patricio,Feldhammer
17,Kyle,Sustin
18,Jakie,Hulson
19,Norri,Northwood
20,Elijah,Cartmer
21,Clerkclaude,Plewright
22,Lorry,Allcorn
23,Melitta,Lyons
24,Helli,Mountney
25,Orrin,Thews
26,Barbee,Templman
27,Devi,Behrens
28,Brett,Hamon
29,Robinett,Gamett
30,Vinnie,Gowrich
31,Kassie,Kaiser
32,Roman,Woolfall
33,Gretna,Tireman
34,Jamal,Charlesworth
35,Anjela,Milmo
36,Catrina,Erett
37,Dorene,Creamen
38,Frannie,Kusick
39,Jaine,Arangy
40,Padget,Postlethwaite
41,Jacky,Brophy
42,Jim,D'Aguanno
43,Phillipp,Summerlie
44,Amandie,Mulvenna
45,Godart,Villalta
46,Dory,Itzik
47,Elysia,Buxy
48,Cele,Welldrake
49,Muhammad,Mosdell
50,Blakelee,Orbon
51,Elvyn,Faussett
52,Neile,Tolliday
53,Peyton,Eilert
54,Quinlan,Cruddas
55,Natalie,Abbotts
56,Nixie,Choupin
57,Gabriella,Yeardley
58,Joye,Avramov
59,Marylynne,Aronin
60,Joshia,Barhem
61,Elvis,Brislen
62,Edita,Gowdie
63,Leslie,Sedgmond
64,Myranda,McKea
65,Bryna,Wogdon
66,Cathy,Fant
67,Molli,Grewes
68,Amalie,Hacon
69,Fiona,Ricciardi
70,Carroll,Neal
71,Lek,Cottrill
72,Joni,Ganniclifft
73,Josefina,Bullant
74,Myrtia,Luter
75,Leah,Dreschler
76,Gerta,Guyonnet
77,Micheline,Gulley
78,Coop,Vye
79,Lindie,Heathcott
80,Vivienne,Osboldstone
81,Bevvy,Gullick
82,Norman,Mathe
83,Sigmund,Marsland
84,Eldon,Cobbe
85,Collete,Dugget
86,Romain,Geeraert
87,Elianora,Volett
88,Ernie,Fishwick
89,Lambert,Unthank
90,Michel,Ainsbury
91,Emylee,Costley
92,Ramsey,Titlow
93,Dalia,Mitcheson
94,Lucie,Randleson
95,Kriste,Johann
96,Gianina,Mullen
97,Kylen,Stalley
98,Howey,Chat
99,Beryle,Oldmeadow
100,Beauregard,Flewan
101,Evelyn,Wettern
102,Bridie,Novello
103,Winnie,Brayson
104,Marga,Kinchley
105,Anjela,Harefoot
106,Clarissa,Donnan
107,Aretha,Stanners
108,Steve,Scott
109,Wynnie,Arrell
110,Brant,Tenney
111,Victoria,Maharry
112,Flossie,Bruhn
113,Sapphira,Sime
114,Irina,Truelove
115,Tiphanie,Heathcoat
116,Conney,Colaco
117,Laurence,Kave
118,Brigid,Tindle
119,Marissa,Borgnet
120,Will,Quinney
121,Lanita,Dallander
122,Stewart,Writer
123,Jessalin,Reams
124,Tera,Stitch
125,Dione,Hearst
126,Angele,Morforth
127,Corrie,Beilby
128,Felix,MacFadzean
129,Jenn,Gilyott
130,Amitie,Gorghetto
131,Karlen,Mancell
132,Pat,Tilberry
133,Decca,McAllester
134,Carola,Nann
135,Alwin,Copplestone
136,Hetty,Filyashin
137,Berkie,Swales
138,Leigh,Hodgins
139,Georgie,Boak
140,Cleopatra,Siggins
141,Kaila,Arnaldi
142,Valenka,Killwick
143,Frederik,Sanchiz
144,Kelsi,Canon
145,Lemuel,Glencrosche
146,Alastair,Pawellek
147,Denis,Lightbody
148,Shae,Bonhan
149,Bail,Ferney
150,Jessamyn,Hindshaw
151,Brittan,MacGarrity
152,Lynnett,Rehm
153,Renie,Redsall
154,Quinta,Pell
155,Thornton,Liccardi
156,Melinde,Carrack
157,Chevy,Limprecht
158,Erin,Pllu
159,Wheeler,McGerraghty
160,Sibby,Dalglish
161,Gerianna,Handrock
162,Doll,Wildes
163,Denni,Toe
164,Roxana,MacEntee
165,Stanton,Lakenden
166,Berti,Le Fevre
167,Adolph,Nayshe
168,Brear,Orth
169,Maria,Gadney
170,Ashleigh,O'Cannon
171,Gerrie,Oak
172,Padraig,Wolver
173,Tamera,Goricke
174,Cyb,Manuel
175,Legra,Mussard
176,Tony,Goatman
177,Brit,Spleving
178,Joell,McIlmorow
179,Aridatha,Pisco
180,Bernadene,Puig
181,Fraser,Andrioletti
182,Cairistiona,Seid
183,Ulick,Hazeman
184,Dolores,Tissington
185,Marita,Vergine
186,Fitz,Ohms
187,Willetta,Gerrets
188,Steffen,Dash
189,Kara-lynn,Theobalds
190,Anya,Assiratti
191,Johnathan,Cordeiro
192,Nadya,Cowl
193,Beulah,Sleightholm
194,Bordie,Machan
195,Margret,Faires
196,Konstanze,Scotti
197,Floris,Mokes
198,Emlynne,Brumham
199,Clemmy,Parry
200,Dena,Ferrettino
201,Trenna,Beardwell
202,Maribeth,Hackey
203,Adorne,Wintringham
204,Vitia,Bartolomeo
205,Saunderson,Vinas
206,Nap,Dollimore
207,Yorgo,Schroder
208,Benjamen,Blackster
209,Mirabella,Llopis
210,Jaimie,Lowson
211,Caldwell,Diggons
212,Avram,Keir
213,Veda,Sollas
214,Grenville,Ripping
215,Christean,Crabb
216,Franky,Dreng
217,Chaddy,Meeking
218,Martita,Jorge
219,Vyky,Courtney
220,Nadiya,Joyner
221,Erena,McLugaish
222,Holli,McEnery
223,Zechariah,Donaldson
224,Elysia,Doneld
225,Saxe,Hammersley
226,Nanci,Bariball
227,Noe,Rothon
228,Jakob,Piscot
229,Alyson,Egel
230,Christoforo,Raise
231,Moses,Martinek
232,Anjela,Jeannet
233,Claretta,Hillatt
234,Aleen,Pittoli
235,Quinton,Aidler
236,Christel,De Domenico
237,Dewain,Stanfield
238,Jaine,Veltman
239,Trix,Dillinger
240,Benji,Oldland
241,Cordey,Moulden
242,Sal,Grimwood
243,Lotte,Lenard
244,Ardelis,Claworth
245,Kermit,Walley
246,Odele,Holburn
247,Paten,D'Agostino
248,Wallache,Ratchford
249,Shea,Lepope
250,Aloysia,Peter
251,Hymie,Mockler
252,Lincoln,Kimble
253,Timmy,Kondrat
254,Jessa,Balloch
255,Cherie,Nevinson
256,Valaree,Dobrowolny
257,Viole,Ruperto
258,Claiborn,Stayte
259,Colman,Summerskill
260,Aldwin,Feehan
261,Marice,Legonidec
262,Renault,Blurton
263,Polly,Musicka
264,Charlene,Pickford
265,Jacenta,Gummory
266,Orville,Hollow
267,Kamillah,Ginie
268,Sarita,Croney
269,Annadiane,Sherr
270,Dew,Puncher
271,Halsy,Fears
272,Ashli,Caveill
273,Mattie,Radsdale
274,Arlene,Curme
275,Jandy,McKinney
276,Karilynn,Fonzone
277,Jeniffer,Laundon
278,Immanuel,Villar
279,Timi,Szubert
280,Roland,Goldthorpe
281,Vin,Witard
282,Kaila,Winn
283,Clemmie,Malatalant
284,Kris,Pardie
285,Catharina,Trevaskus
286,Sydel,Murname
287,Ame,Bernetti
288,Norby,Bruin
289,Giffard,Colliard
290,Helaine,Conway
291,Chaunce,Jedraszczyk
292,Filide,Rikel
293,Mortie,Vlies
294,Blair,Ponter
295,Saundra,Lonie
296,Corliss,Grassett
297,Beitris,Bentson
298,Karee,Ciccotti
299,Dosi,Mowles
300,Lilia,Schule
301,Korie,De la Eglise
302,Noach,Oby
303,Almeria,Ledgeway
304,Clark,McUre
305,Norbie,Coenraets
306,Sondra,Kirkebye
307,Suzanne,Damrel
308,Kass,Cristofolo
309,Jennica,Pocklington
310,Constantin,Fabry
311,Ike,MacKellar
312,Saidee,Evins
313,Pet,Hadenton
314,Marys,Kensall
315,Lynn,Frensch
316,Alberik,Gilffilland
317,Noby,Trudgeon
318,Bud,Castagneri
319,Bobbe,Shotbolt
320,Sephira,Enticott
321,Gawain,Simion
322,Gun,Habbert
323,Cindy,Guillet
324,Lucias,Czadla
325,Klement,Rarity
326,Hastings,Eddington
327,Ilyse,Spoward
328,Larry,Ollett
329,Reggie,Jarley
330,Nancee,Fassmann
331,Anetta,Willshear
332,Sammy,Trighton
333,Rosamund,Rule
334,Felice,Beden
335,Maryellen,Waulker
336,Donall,Peele
337,Bibbie,Biddles
338,Bruce,Ducket
339,Celle,Picott
340,Sibeal,Gowans
341,Tobias,Prew
342,Lorette,Davenhall
343,Malva,Bransdon
344,Christyna,Koene
345,Alejoa,Lydiatt
346,Deeanne,Adamowitz
347,Ali,Crippill
348,Alexandr,Pearsall
349,Ronnie,Scripps
350,Coop,Coomer
351,Zebadiah,Rayne
352,Morganne,Utteridge
353,Raymond,Carbonell
354,Dulciana,Dransfield
355,Aveline,Dahmel
356,Shayna,Copas
357,Caesar,Caswell
358,Artair,Dudding
359,Tadeo,Skelhorn
360,Burgess,Heintz
361,Rudolfo,Hazeldine
362,Berny,Hertwell
363,Elliott,Smaile
364,Jeni,Killich
365,Ilyssa,Wanne
366,Cart,Wybrow
367,Cobb,Joutapaitis
368,Eveleen,Staining
369,Cyrus,Throssell
370,Gaynor,Thomen
371,Emile,Arsmith
372,Dasie,Toon
373,Wolf,Paschek
374,Kaylee,McCotter
375,Corabel,Lardeur
376,Ellsworth,Gueinn
377,Carmita,Thomel
378,Antonie,Purdom
379,Selle,Ledward
380,Darnall,Morden
381,Sheff,Tendahl
382,Courtenay,Malins
383,Frasquito,Cossans
384,Humfrey,Wenden
385,Bradan,MacKey
386,Anabelle,Melling
387,Georgia,Yendall
388,Winifred,Spofforth
389,Krystalle,Berthod
390,Esra,Spadazzi
391,Korie,Frankema
392,Dacie,Edens
393,Hugues,Mintoff
394,Drake,Coule
395,Michaeline,Roskam
396,Jacky,Chantrell
397,Farica,Karran
398,Willie,Witham
399,Edee,Leebetter
400,Meridith,O'Fearguise
401,Ray,Paggitt
402,Cathrine,Enoch
403,Debra,Sparry
404,Moshe,Brownsett
405,Joey,Begbie
406,Gabriellia,Braddock
407,Cinnamon,Castillo
408,Adham,Branton
409,Niall,Erricker
410,Moishe,Ganley
411,Ambrosi,Slade
412,Bailey,Galia
413,Dorena,Malenfant
414,Brantley,Habbin
415,Caesar,Kilvington
416,Joyous,Bleeze
417,Harry,Geeson
418,Diana,Lotherington
419,Elsbeth,Fishley
420,Danita,Zukierman
421,Codi,Ionesco
422,Justine,Plane
423,Ulla,Menier
424,Winnie,Langforth
425,Frasquito,MacVay
426,Waneta,Tuckett
427,Griff,Bourdice
428,Doti,Beine
429,Hesther,Ughi
430,Prisca,Groundwator
431,Joachim,Berka
432,Marissa,Beddow
433,Rani,Carlens
434,Sherwin,Beadham
435,Basilius,Brisley
436,Darlleen,Yurenev
437,Dannye,Stoner
438,Brett,Dubbin
439,Dorisa,Redborn
440,Davey,Emor
441,Abraham,Stenhouse
442,Celestyn,Moralas
443,Abey,Jepensen
444,Durand,Corkill
445,Nissy,Lackney
446,Kala,Saban
447,Robinette,Fitchett
448,Adrian,Burnhams
449,Natasha,Bodman
450,Lorna,McCullogh
451,Garnette,Seelbach
452,Julianne,Gingel
453,Jasper,Raybould
454,Gigi,Tremmil
455,Mada,Gilardengo
456,Shae,MacElroy
457,Zandra,Thom
458,Dorisa,Foffano
459,Marinna,Swayland
460,Adi,Capnerhurst
461,Peter,Goodger
462,Chrysa,Cuseck
463,Ward,Klimochkin
464,Bell,Agostini
465,Garrard,Lage
466,Bel,Schwerin
467,Lefty,Vinas
468,Samara,Dockrill
469,Taite,Harcus
470,Nikolaus,Lindl
471,Gar,Okie
472,Justino,Grimsdike
473,Rivkah,Sokell
474,Audrie,Scholte
475,Bobbette,Perkinson
476,Ian,Brittian
477,Bert,Scouler
478,Daron,Corssen
479,Emlen,Dearnley
480,Washington,Alltimes
481,Merwyn,Mountjoy
482,Reece,Pavyer
483,Chad,Pharrow
484,Gladys,Bundey
485,Erl,Durkin
486,Lane,Wilford
487,Goran,Lohan
488,Winn,Queree
489,Marc,Kellegher
490,Brent,MacKeeg
491,Sharity,Trevain
492,Maryanna,Lachaize
493,Guillema,Ivanyushkin
494,Neile,Onions
495,Roze,Gieves
496,Tony,Hardson
497,Cathrin,Inston
498,Conrade,Wandrack
499,Gilberta,Lerner
500,Dara,Grunder
501,Yankee,Celez
502,Anna-maria,Heine
503,Perrine,Maulkin
504,Guilbert,Jope
505,Georgianna,Whapple
506,Chloris,Haley
507,Pen,Sliman
508,Gustaf,Poone
509,Cassandra,Geikie
510,Omar,Gianettini
511,Amy,Ingamells
512,Brennen,Avrahamy
513,Jenilee,Penburton
514,Conan,Lister
515,Johan,Dalinder
516,Janel,Japp
517,Gradey,Cammidge
518,Raviv,Romanski
519,Garv,Timms
520,Candice,Sawl
521,Constanta,Karmel
522,Astrix,Pottery
523,Paulita,Cumber
524,Doti,McQuarter
525,Stacy,Grzesiak
526,Matti,Kelbie
527,Duke,Cavnor
528,Zsazsa,Di Ruggero
529,Roz,Schmidt
530,Dukey,Caughan
531,Cordie,Dimock
532,Harvey,Trowel
533,Ivie,Fyfield
534,Haley,Crumpe
535,Xenos,Wilmington
536,Valina,Wyldish
537,Aaren,Halston
538,Hilde,Oxbie
539,Antonio,Naul
540,Paolina,Schule
541,Rey,Keatch
542,Morganne,Berridge
543,Glyn,Carwithan
544,Jeanne,Pacey
545,Grantley,Baty
546,Stanwood,Endrighi
547,Nelly,Beards
548,Marjy,Hankey
549,Mercy,Lomb
550,Elvera,Bucke
551,Constanta,Behr
552,Georgeanna,Newis
553,Briana,Armiger
554,Zenia,McKinnon
555,Locke,Trawin
556,Ed,Dyster
557,Creight,Snodin
558,North,Pelcheur
559,Theresa,Lempenny
560,Dulcea,Pibsworth
561,Gavan,Feasley
562,Lexi,Petruszka
563,Rivalee,Paskell
564,Rob,Cocksedge
565,Ariana,Ambrose
566,Orren,Kinder
567,Stormie,Messam
568,Timothy,Lyokhin
569,Wendye,Crix
570,Tabbi,Malenfant
571,Welsh,Brannan
572,Vilhelmina,Opdenorth
573,Kristel,Abrahamsohn
574,Jolene,Ledwith
575,Simone,Dickins
576,Merlina,Oppie
577,Sonny,Dmitrichenko
578,Man,Jeremiah
579,Sheela,Keay
580,Charyl,Nisco
581,Aurelea,Dysert
582,Cammy,Schaffel
583,Duffy,Nern
584,Tandy,Josefson
585,Livvy,Snawden
586,Mellie,Flode
587,Hewie,Penfold
588,Chrystal,Mouse
589,Pandora,Pidgen
590,Devland,Pelz
591,Philippa,Ben
592,Merilee,Caccavari
593,Abigail,Illiston
594,Dud,Gaspar
595,Preston,Clymer
596,Hernando,Mabbitt
597,Alys,Capstack
598,Auguste,Soal
599,Chris,Roset
600,Jaclin,Amor
601,Rocky,Kewley
602,Haywood,Laverick
603,Sherilyn,Basterfield
604,Freddi,Darque
605,Pietro,Trowill
606,Queenie,Breslau
607,Tammara,Missenden
608,Branden,Slowly
609,Rikki,Gerin
610,Junette,McKeaveney
611,Wyndham,Merritt
612,Ariella,Faircloth
613,Daniel,Gammell
614,Courtney,Kirwan
615,Eve,Bellwood
616,Nesta,Sink
617,Kalila,Sibly
618,Salome,Wiffler
619,Ainsley,McConnel
620,Findley,Bockin
621,Hannie,Andreazzi
622,Raimundo,Gianni
623,Alia,Strelitz
624,Gennifer,Gapper
625,Benjamin,Worcs
626,Patrizia,Oxe
627,Melli,Grundey
628,Jo ann,Clutterham
629,Shelley,Arter
630,Erin,Batrip
631,Tabb,Kornyshev
632,Carl,Larder
633,Skyler,Coldbathe
634,Myrtia,Cicci
635,Christiano,Tolchard
636,Tymon,Sturton
637,Bibby,Stallen
638,Jessee,Wyles
639,Rena,Kolushev
640,Chere,Slamaker
641,Alasteir,Schukraft
642,Natty,Geaney
643,Germain,Frediani
644,Alice,Triplow
645,Eugenia,Ashwood
646,Meryl,Pfeffer
647,Teodoor,Sawyers
648,Emerson,Canada
649,Marti,Wand
650,Merrie,Carletti
651,Kass,Geertje
652,Athene,Santus
653,Cyrill,Morpeth
654,Mahalia,Nolda
655,Culver,McIlheran
656,Jdavie,Caesman
657,Melodie,Ellingford
658,Teriann,Benit
659,Isa,Enefer
660,Horatia,Glencrosche
661,Genia,Cleverley
662,Filmer,Lyall
663,Lelia,Brookwell
664,Aindrea,Rubert
665,Tammara,MacAlpine
666,Jedediah,Kewzick
667,Arlin,Haggie
668,Janella,Jennery
669,Karola,Castagneri
670,Jarvis,Doreward
671,Catriona,Wyett
672,Alec,Ingleson
673,Konstantine,Orry
674,Tynan,Baughn
675,Genna,Wardle
676,Lewes,Bricksey
677,Adiana,Golthorpp
678,Franky,Lebarree
679,Harlie,Leupoldt
680,Marcellina,Stewart
681,Ilise,Haydock
682,Ethan,Tomczak
683,Humbert,Martynikhin
684,Nana,Eldridge
685,Gabby,Lantry
686,Elyssa,Assur
687,Milzie,Battle
688,Ethan,Bagenal
689,Lenee,Kelbie
690,Gertrude,McNickle
691,Vincent,Brave
692,Alan,Munden
693,Blisse,Ceillier
694,Neill,Bedingfield
695,Cornela,Peschmann
696,Beverley,Duggen
697,Erena,Carroll
698,Wilfred,D'Onise
699,Eugenia,Dashkov
700,Dru,Shurrock
701,Lynn,Iveagh
702,Wini,Johnsson
703,Cindie,Larderot
704,Vida,Ferriman
705,Tammy,Asbury
706,Morten,Oley
707,Dennie,Leppingwell
708,Flo,Barr
709,Liane,Belfelt
710,Shoshanna,Trevett
711,Janette,Gilroy
712,Delcina,McGahern
713,Brander,Kleiser
714,Dewitt,Fenimore
715,Stormie,Lindroos
716,Rheba,Passe
717,Halie,Titterington
718,Aubry,Gowing
719,Dory,Olivelli
720,Bride,Haskayne
721,Serge,Andersch
722,Berkeley,McCormick
723,Corinna,Kid
724,Glyn,Le Grys
725,Marney,Bontine
726,Anton,Routhorn
727,Ashleigh,Cantle
728,Bord,McGinn
729,Mufinella,Knoles
730,Derwin,Nitti
731,Rosaline,Frankes
732,Earl,Etuck
733,Everard,Reder
734,Bryon,Cordall
735,Freeland,Kondrat
736,Pearla,Erbe
737,Hilton,McGucken
738,Bobby,Krochmann
739,Rabbi,Sket
740,Clifford,Arkle
741,Rudyard,Gathercoal
742,Winifred,Pitkeathley
743,Lissi,Diggar
744,Orson,Morrad
745,Tybie,Cornborough
746,Elspeth,Garroway
747,Kial,Landon
748,Oralee,Wheway
749,Joly,Elham
750,Dmitri,Disdel
751,Ellis,Willwood
752,Cori,Barens
753,Otes,Coffelt
754,Janine,Lambirth
755,Michelle,Eilhart
756,Cassi,Marlen
757,Winfred,Godding
758,Angelo,Copner
759,Adolph,MacKonochie
760,Jessee,Castro
761,Meta,Toman
762,Thea,Truckell
763,Henrietta,Stevani
764,Marylee,Glennon
765,Suzette,Ryman
766,Loraine,Lovelady
767,Lazarus,Leathem
768,Allene,Cavell
769,Yule,Fowle
770,Allene,Faloon
771,Karlotte,Eskell
772,Vergil,Sturley
773,Anabal,Port
774,Bowie,Congram
775,Padgett,Berresford
776,Madel,Reina
777,Marybeth,Morrad
778,Kass,Chesser
779,Heywood,Essberger
780,Phillip,Grellier
781,Vassili,Garrick
782,Ricca,Trathan
783,Meredithe,Lambrechts
784,Alfonso,MacKimmie
785,Michelina,Rawls
786,Teena,Kettridge
787,Cam,Rany
788,Cass,Scobie
789,Egon,Ollie
790,Ignace,Brockest
791,Pippy,Stanborough
792,Hill,Raveau
793,Beauregard,Brayford
794,Doralia,A'field
795,Clevie,Dollard
796,Reuven,Andrioni
797,Sybil,Airdrie
798,Weylin,De Zamudio
799,Juan,Goldingay
800,Ammamaria,Matthis
801,Sebastiano,Sidebotham
802,Jason,Strowther
803,Shari,Crofts
804,Roxane,Lanfare
805,Hurley,Scrinage
806,Wiatt,Kidgell
807,Elset,Camier
808,Ruthann,Eeles
809,Waiter,Smithers
810,Web,Fowell
811,Chloette,Offner
812,Sherilyn,MacKim
813,Rafael,Aphale
814,Isidore,Bettley
815,Alaster,Eastcott
816,Darice,Wernham
817,Egor,Lody
818,Tallou,MacCartair
819,Othilie,Symson
820,Stillmann,Beaver
821,Billye,Rubenovic
822,Liz,Maffulli
823,Bartholomeus,Spradbery
824,Jackson,Routham
825,Joshua,Sehorsch
826,Allyn,Brigge
827,Terrel,Haddinton
828,Edithe,Gaskal
829,Henderson,Bannester
830,Hugo,Babcock
831,Merralee,Giacomozzo
832,Teddie,Moreinis
833,Cherrita,Farrent
834,Jennee,Gurnell
835,Royal,Feldmus
836,Maxine,Sidney
837,Trenton,Jikovsky
838,Rochell,Lancett
839,Hildy,Westmancoat
840,Obediah,Goodings
841,Hal,Atling
842,Yankee,Fildes
843,Deeyn,Fulford
844,Ashley,Winder
845,Aldo,Velden
846,Averell,Tubritt
847,Fulton,Leak
848,Josy,Everwin
849,Yolande,MacGillicuddy
850,Liana,Willard
851,Milt,Allaker
852,Mahalia,Tollet
853,Cristy,Buston
854,Franciska,Martello
855,Tiphani,Spuffard
856,Julianne,Laurencot
857,Erinna,Stede
858,Rois,O'Hear
859,Linea,Barbosa
860,Silvano,Daton
861,Mikey,Puddan
862,Gwendolin,Wanek
863,Carlyle,Dunsmuir
864,Kai,Belliveau
865,Pansie,Ching
866,Beniamino,Kloska
867,Kessia,Hincks
868,Kathy,Daniello
869,Martelle,Frowen
870,Margarette,Kanter
871,Kikelia,Delahunt
872,Bowie,Izhakov
873,Eugenie,Newart
874,Jandy,De Santos
875,Neda,Shade
876,Hyacinthia,Dickson
877,Jacquie,Coulthart
878,Dominique,Dyett
879,Hollie,Dauber
880,Audi,Jerromes
881,Norby,Tomini
882,Helge,Dene
883,Nikki,Kleinstein
884,Calv,Pedlar
885,Cathyleen,Torricella
886,Ingelbert,Hills
887,Stace,Hammerson
888,Gwendolen,Tuny
889,Lodovico,Levis
890,Dotti,Kelemen
891,Anatole,Byrde
892,Wait,Gledhill
893,Min,Roumier
894,Sansone,MacGorman
895,Timmie,Larkby
896,Diann,Tunuy
897,Emmett,Tatford
898,Lyle,Gillbard
899,Charmion,Landis
900,Durante,Stork
901,Claire,Saker
902,Ebba,Sallan
903,Pansie,Blundan
904,Lorilee,Mustin
905,Harriette,Gabbat
906,Abba,Timlett
907,Benn,O'Hallagan
908,Mame,Prater
909,Tait,Maccrea
910,Rachelle,Graysmark
911,Nanete,Boutwell
912,Nanete,Thurlbeck
913,Kirbee,Swann
914,Windy,Whybrow
915,Sax,Sponer
916,Lorry,Bernakiewicz
917,Thor,Egentan
918,Celeste,Isted
919,Thalia,Tiery
920,Gelya,Pashby
921,Greg,Orth
922,Karleen,Ginni
923,Jaclin,Couch
924,Aluino,Hann
925,Lavena,Filov
926,Tomasine,Camoys
927,Sid,Newe
928,Marna,Neasham
929,Grove,Connolly
930,Rawley,Conigsby
931,Lionel,Hothersall
932,Mikol,Corwin
933,Stewart,Sayes
934,Fancie,Bottelstone
935,Miller,Chaster
936,Frasco,Netti
937,Gwennie,Hylton
938,Jana,D'Antoni
939,Rickie,Simms
940,Moyra,Laverenz
941,Decca,Ortas
942,Nichole,Hamflett
943,Guendolen,Sweetmore
944,Margareta,Swane
945,Javier,McRitchie
946,Natale,Kamienski
947,Vinnie,Gaymer
948,Katharina,Kalinowsky
949,Eddi,McGunley
950,Cindra,Teece
951,Rebekah,Loyns
952,Jobie,Pountney
953,Shepperd,Hacquard
954,Ivie,Ruzek
955,Wynn,Dulling
956,Chelsie,Elsworth
957,Carolin,Leverington
958,Konstantin,Hollow
959,Amerigo,Littledyke
960,Ranee,Paramore
961,Rufe,Carman
962,Jakie,Belli
963,Emmit,McIlreavy
964,Marj,Durden
965,Millard,Hyde-Chambers
966,Kellby,O' Flaherty
967,Theodora,Lies
968,Gianna,Le Jean
969,Wesley,Braybrookes
970,Remus,Pentony
971,Lenora,Turbard
972,Wenona,Yakebovitch
973,Moises,Chamberlen
974,Lemar,Mushart
975,Flossi,Diamant
976,Ailee,Portigall
977,Cristian,Monkeman
978,Kile,Glusby
979,Onfroi,Lean
980,Clarabelle,Rawes
981,Jobi,Rossant
982,April,Willmetts
983,Jaynell,Whybray
984,Tremaine,Wretham
985,Norry,Skeemer
986,Therine,Maffezzoli
987,Ginevra,Ortsmann
988,Frasier,Cheyney
989,Verne,Hurren
990,Fey,Rishman
991,Pepito,Guillond
992,Martguerita,Finding
993,Kyla,Wiz
994,Isidor,Safell
995,Edvard,Toppes
996,Meade,Zollner
997,Lise,Bassano
998,Aggi,Emblem
999,Inna,Jancey
1000,Simeon,Hefforde